{
	"credit": "Made with Blockbench",
	"parent": "potion",
	"textures": {
		"0": "item/blockbench/elect",
		"1": "item/blockbench/texture",
		"particle": "item/blockbench/elect"
	},
	"elements": [
		{
			"from": [7.5, 6, 7.5],
			"to": [8.5, 7, 8.5],
			"rotation": {"angle": 0, "axis": "y", "origin": [7, 6, 7]},
			"faces": {
				"north": {"uv": [6, 3, 7, 4], "texture": "#1"},
				"east": {"uv": [6, 4, 7, 5], "texture": "#1"},
				"south": {"uv": [6, 10, 7, 11], "texture": "#1"},
				"west": {"uv": [8, 11, 9, 12], "texture": "#1"},
				"up": {"uv": [12, 11, 11, 10], "texture": "#1"},
				"down": {"uv": [12, 11, 11, 12], "texture": "#1"}
			}
		},
		{
			"from": [7, 5, 7.25],
			"to": [9, 6.5, 8.75],
			"rotation": {"angle": 0, "axis": "y", "origin": [7, 5, 7]},
			"faces": {
				"north": {"uv": [9, 6, 11, 8], "texture": "#1"},
				"east": {"uv": [7, 9, 9, 11], "texture": "#1"},
				"south": {"uv": [9, 8, 11, 10], "texture": "#1"},
				"west": {"uv": [0, 10, 2, 12], "texture": "#1"},
				"up": {"uv": [4, 12, 2, 10], "texture": "#1"},
				"down": {"uv": [6, 10, 4, 12], "texture": "#1"}
			}
		},
		{
			"from": [6.37, 2, 6.9],
			"to": [9.59, 5, 9.1],
			"rotation": {"angle": 0, "axis": "y", "origin": [7, 2, 8]},
			"faces": {
				"north": {"uv": [2, 3.66667, 13.66667, 12], "texture": "#0"},
				"east": {"uv": [3.66667, 1.66667, 5.66667, 4.66667], "texture": "#0"},
				"south": {"uv": [2, 3.66667, 13.66667, 12], "texture": "#0"},
				"west": {"uv": [3.66667, 1.66667, 5.66667, 4.66667], "texture": "#0"},
				"up": {"uv": [5.66667, 3.66667, 2.66667, 1.66667], "texture": "#0"},
				"down": {"uv": [12, 0, 9, 2], "texture": "#0"}
			}
		},
		{
			"from": [6.5, 1, 7],
			"to": [9.5, 6, 9],
			"rotation": {"angle": 0, "axis": "y", "origin": [7, 1, 7]},
			"faces": {
				"north": {"uv": [0, 0, 3, 5], "texture": "#1"},
				"east": {"uv": [0, 5, 2, 10], "texture": "#1"},
				"south": {"uv": [3, 0, 6, 5], "texture": "#1"},
				"west": {"uv": [2, 5, 4, 10], "texture": "#1"},
				"up": {"uv": [12, 4, 9, 2], "texture": "#1"},
				"down": {"uv": [12, 4, 9, 6], "texture": "#1"}
			}
		},
		{
			"from": [7, 0.65, 7],
			"to": [9, 1.1, 9],
			"rotation": {"angle": 0, "axis": "y", "origin": [7, 0, 7]},
			"faces": {
				"north": {"uv": [11, 6, 13, 7], "texture": "#1"},
				"east": {"uv": [11, 7, 13, 8], "texture": "#1"},
				"south": {"uv": [11, 8, 13, 9], "texture": "#1"},
				"west": {"uv": [11, 9, 13, 10], "texture": "#1"},
				"up": {"uv": [11, 12, 9, 10], "texture": "#1"},
				"down": {"uv": [8, 11, 6, 13], "texture": "#1"}
			}
		}
	],
	"display": {
		"thirdperson_righthand": {
			"translation": [0, 5.75, 0]
		},
		"thirdperson_lefthand": {
			"translation": [0, 6.5, 0]
		},
		"firstperson_righthand": {
			"translation": [0, 5.5, -0.5]
		},
		"firstperson_lefthand": {
			"translation": [0, 5.25, -1]
		},
		"ground": {
			"rotation": [-55, 1, 0],
			"translation": [0, 1.25, 0]
		},
		"gui": {
			"translation": [0, 4.25, 0]
		},
		"head": {
			"translation": [0, 12, 0]
		},
		"fixed": {
			"translation": [0, 4.5, 0]
		}
	},
	"groups": [
		{
			"name": "group",
			"origin": [8, 8, 8],
			"color": 0,
			"children": [0, 1, 2, 3, 4]
		}
	]
}