{
	"credit": "Made with Blockbench",
	"parent": "potion",
	"textures": {
		"1": "item/blockbench/texture2",
		"2": "item/blockbench/elect",
		"particle": "item/blockbench/elect"
	},
	"elements": [
		{
			"from": [7.5, 6, 7.5],
			"to": [8.5, 7, 8.5],
			"rotation": {"angle": 0, "axis": "y", "origin": [7, 6, 7]},
			"faces": {
				"north": {"uv": [6, 3, 7, 4], "texture": "#1"},
				"east": {"uv": [6, 4, 7, 5], "texture": "#1"},
				"south": {"uv": [8, 2, 9, 3], "texture": "#1"},
				"west": {"uv": [11, 1, 12, 2], "texture": "#1"},
				"up": {"uv": [12, 3, 11, 2], "texture": "#1"},
				"down": {"uv": [12, 3, 11, 4], "texture": "#1"}
			}
		},
		{
			"from": [7, 5, 7.25],
			"to": [9, 6.5, 8.75],
			"rotation": {"angle": 0, "axis": "y", "origin": [7, 5, 7]},
			"faces": {
				"north": {"uv": [9, 2, 11, 4], "texture": "#1"},
				"east": {"uv": [9, 4, 11, 6], "texture": "#1"},
				"south": {"uv": [0, 10, 2, 12], "texture": "#1"},
				"west": {"uv": [2, 10, 4, 12], "texture": "#1"},
				"up": {"uv": [6, 12, 4, 10], "texture": "#1"},
				"down": {"uv": [8, 10, 6, 12], "texture": "#1"}
			}
		},
		{
			"from": [6.37, 2, 6.9],
			"to": [9.59, 5, 9.1],
			"rotation": {"angle": 0, "axis": "y", "origin": [7, 2, 8]},
			"faces": {
				"north": {"uv": [1.66667, 3.66667, 14, 11.66667], "texture": "#2"},
				"east": {"uv": [6, 0, 8, 3], "texture": "#2"},
				"south": {"uv": [1.66667, 3.66667, 14, 11.66667], "texture": "#2"},
				"west": {"uv": [3.33333, 0.66667, 5.33333, 3.66667], "texture": "#2"},
				"up": {"uv": [5.33333, 6, 2.33333, 4], "texture": "#2"},
				"down": {"uv": [11, 0, 8, 2], "texture": "#2"}
			}
		},
		{
			"from": [6.5, 1, 7],
			"to": [9.5, 6, 9],
			"rotation": {"angle": 0, "axis": "y", "origin": [7, 1, 7]},
			"faces": {
				"north": {"uv": [0, 0, 3, 5], "texture": "#1"},
				"east": {"uv": [0, 5, 2, 10], "texture": "#1"},
				"south": {"uv": [3, 0, 6, 5], "texture": "#1"},
				"west": {"uv": [2, 5, 4, 10], "texture": "#1"},
				"up": {"uv": [7, 10, 4, 8], "texture": "#1"},
				"down": {"uv": [10, 8, 7, 10], "texture": "#1"}
			}
		},
		{
			"from": [7, 0.65, 7],
			"to": [9, 1.1, 9],
			"rotation": {"angle": 0, "axis": "y", "origin": [7, 0, 7]},
			"faces": {
				"north": {"uv": [10, 8, 12, 9], "texture": "#1"},
				"east": {"uv": [10, 9, 12, 10], "texture": "#1"},
				"south": {"uv": [10, 10, 12, 11], "texture": "#1"},
				"west": {"uv": [11, 0, 13, 1], "texture": "#1"},
				"up": {"uv": [12, 8, 10, 6], "texture": "#1"},
				"down": {"uv": [10, 10, 8, 12], "texture": "#1"}
			}
		}
	],
	"display": {
		"thirdperson_righthand": {
			"translation": [0, 6.5, 0]
		},
		"thirdperson_lefthand": {
			"translation": [0, 6, 0]
		},
		"firstperson_righthand": {
			"translation": [0, 5.5, -0.5]
		},
		"firstperson_lefthand": {
			"translation": [0, 5, -0.75]
		},
		"ground": {
			"rotation": [-55, 0, 0],
			"translation": [0, 1.5, 0]
		},
		"gui": {
			"translation": [0, 4, 0]
		},
		"head": {
			"translation": [0, 12.5, 0]
		},
		"fixed": {
			"translation": [0, 4.75, 0]
		}
	},
	"groups": [
		{
			"name": "group",
			"origin": [8, 8, 8],
			"color": 0,
			"children": [0, 1, 2, 3, 4]
		}
	]
}