{
	"credit": "Made with Blockbench",
	"parent": "potion",
	"textures": {
		"1": "item/blockbench/texture4",
		"2": "item/blockbench/pngwing.com",
		"particle": "item/blockbench/pngwing.com"
	},
	"elements": [
		{
			"from": [7.5, 6, 7.5],
			"to": [8.5, 7, 8.5],
			"rotation": {"angle": 0, "axis": "y", "origin": [7, 6, 7]},
			"faces": {
				"north": {"uv": [6, 8, 7, 9], "texture": "#1"},
				"east": {"uv": [9, 4, 10, 5], "texture": "#1"},
				"south": {"uv": [6, 9, 7, 10], "texture": "#1"},
				"west": {"uv": [10, 6, 11, 7], "texture": "#1"},
				"up": {"uv": [9, 11, 8, 10], "texture": "#1"},
				"down": {"uv": [12, 10, 11, 11], "texture": "#1"}
			}
		},
		{
			"from": [7, 5, 7.25],
			"to": [9, 6.5, 8.75],
			"rotation": {"angle": 0, "axis": "y", "origin": [7, 5, 7]},
			"faces": {
				"north": {"uv": [9, 7, 11, 9], "texture": "#1"},
				"east": {"uv": [9, 9, 11, 11], "texture": "#1"},
				"south": {"uv": [0, 10, 2, 12], "texture": "#1"},
				"west": {"uv": [2, 10, 4, 12], "texture": "#1"},
				"up": {"uv": [12, 6, 10, 4], "texture": "#1"},
				"down": {"uv": [8, 10, 6, 12], "texture": "#1"}
			}
		},
		{
			"from": [6.37, 2, 6.9],
			"to": [9.59, 5, 9.1],
			"rotation": {"angle": 0, "axis": "y", "origin": [7, 2, 8]},
			"faces": {
				"north": {"uv": [1.33333, 4.33333, 14.66667, 11.66667], "texture": "#2"},
				"east": {"uv": [6, 3, 8, 6], "texture": "#2"},
				"south": {"uv": [1.33333, 4.33333, 14.66667, 11.66667], "texture": "#2"},
				"west": {"uv": [6, 3, 8, 6], "texture": "#2"},
				"up": {"uv": [8, 5, 5, 3], "texture": "#2"},
				"down": {"uv": [7.66667, 3.33333, 4.66667, 5.33333], "texture": "#2"}
			}
		},
		{
			"from": [6.5, 1, 7],
			"to": [9.5, 6, 9],
			"rotation": {"angle": 0, "axis": "y", "origin": [7, 1, 7]},
			"faces": {
				"north": {"uv": [0, 0, 3, 5], "texture": "#1"},
				"east": {"uv": [0, 5, 2, 10], "texture": "#1"},
				"south": {"uv": [3, 0, 6, 5], "texture": "#1"},
				"west": {"uv": [2, 5, 4, 10], "texture": "#1"},
				"up": {"uv": [9, 5, 6, 3], "texture": "#1"},
				"down": {"uv": [10, 5, 7, 7], "texture": "#1"}
			}
		},
		{
			"from": [7, 0.65, 7],
			"to": [9, 1.1, 9],
			"rotation": {"angle": 0, "axis": "y", "origin": [7, 0, 7]},
			"faces": {
				"north": {"uv": [8, 11, 10, 12], "texture": "#1"},
				"east": {"uv": [11, 8, 13, 9], "texture": "#1"},
				"south": {"uv": [11, 9, 13, 10], "texture": "#1"},
				"west": {"uv": [10, 11, 12, 12], "texture": "#1"},
				"up": {"uv": [6, 13, 4, 11], "texture": "#1"},
				"down": {"uv": [13, 6, 11, 8], "texture": "#1"}
			}
		}
	],
	"display": {
		"thirdperson_righthand": {
			"translation": [0, 6.25, 0]
		},
		"thirdperson_lefthand": {
			"translation": [0, 6.25, 0]
		},
		"firstperson_righthand": {
			"translation": [0, 5.5, -0.25]
		},
		"firstperson_lefthand": {
			"translation": [0, 5.25, -0.5]
		},
		"ground": {
			"rotation": [-55, 0, 0],
			"translation": [0, 1.75, 0]
		},
		"gui": {
			"translation": [0, 3.25, 0]
		},
		"head": {
			"translation": [0, 12, 0]
		},
		"fixed": {
			"translation": [0, 3.25, 0]
		}
	},
	"groups": [
		{
			"name": "group",
			"origin": [8, 8, 8],
			"color": 0,
			"children": [0, 1, 2, 3, 4]
		}
	]
}