{
	"credit": "Made with Blockbench",
	"parent": "potion",
	"textures": {
		"2": "item/blockbench/texture5",
		"3": "item/blockbench/elect",
		"particle": "item/blockbench/texture5"
	},
	"elements": [
		{
			"from": [7.5, 6, 7.5],
			"to": [8.5, 7, 8.5],
			"rotation": {"angle": 0, "axis": "y", "origin": [7, 6, 7]},
			"faces": {
				"north": {"uv": [12.66667, 2.66667, 13.66667, 3.66667], "texture": "#missing"},
				"east": {"uv": [12.66667, 2.33333, 13.66667, 3.33333], "texture": "#missing"},
				"south": {"uv": [12.66667, 2.66667, 13.66667, 3.66667], "texture": "#missing"},
				"west": {"uv": [13, 2.66667, 14, 3.66667], "texture": "#missing"},
				"up": {"uv": [13.66667, 3.33333, 12.66667, 2.33333], "texture": "#missing"},
				"down": {"uv": [13.66667, 2.66667, 12.66667, 3.66667], "texture": "#missing"}
			}
		},
		{
			"from": [7, 5, 7.25],
			"to": [9, 6.5, 8.75],
			"rotation": {"angle": 0, "axis": "y", "origin": [7, 5, 7]},
			"faces": {
				"north": {"uv": [9, 6, 11, 8], "texture": "#2"},
				"east": {"uv": [7, 9, 9, 11], "texture": "#2"},
				"south": {"uv": [9, 8, 11, 10], "texture": "#2"},
				"west": {"uv": [0, 10, 2, 12], "texture": "#2"},
				"up": {"uv": [4, 12, 2, 10], "texture": "#2"},
				"down": {"uv": [6, 10, 4, 12], "texture": "#2"}
			}
		},
		{
			"from": [6.37, 2, 6.9],
			"to": [9.59, 5, 9.1],
			"rotation": {"angle": 0, "axis": "y", "origin": [7, 2, 8]},
			"faces": {
				"north": {"uv": [0, 2.66667, 16, 14.66667], "texture": "#3"},
				"east": {"uv": [0.66667, 0.66667, 2.66667, 3.66667], "texture": "#3"},
				"south": {"uv": [0, 2.66667, 16, 14.66667], "texture": "#3"},
				"west": {"uv": [1, 0.66667, 3, 3.66667], "texture": "#3"},
				"up": {"uv": [3.66667, 3, 0.66667, 1], "texture": "#3"},
				"down": {"uv": [3.33333, 1, 0.33333, 3], "texture": "#3"}
			}
		},
		{
			"from": [6.5, 1, 7],
			"to": [9.5, 6, 9],
			"rotation": {"angle": 0, "axis": "y", "origin": [7, 1, 7]},
			"faces": {
				"north": {"uv": [0, 0, 3, 5], "texture": "#2"},
				"east": {"uv": [0, 5, 2, 10], "texture": "#2"},
				"south": {"uv": [3, 0, 6, 5], "texture": "#2"},
				"west": {"uv": [2, 5, 4, 10], "texture": "#2"},
				"up": {"uv": [12, 4, 9, 2], "texture": "#2"},
				"down": {"uv": [12, 4, 9, 6], "texture": "#2"}
			}
		},
		{
			"from": [7, 0.65, 7],
			"to": [9, 1.1, 9],
			"rotation": {"angle": 0, "axis": "y", "origin": [7, 0, 7]},
			"faces": {
				"north": {"uv": [11, 6, 13, 7], "texture": "#2"},
				"east": {"uv": [11, 7, 13, 8], "texture": "#2"},
				"south": {"uv": [11, 8, 13, 9], "texture": "#2"},
				"west": {"uv": [11, 9, 13, 10], "texture": "#2"},
				"up": {"uv": [11, 12, 9, 10], "texture": "#2"},
				"down": {"uv": [8, 11, 6, 13], "texture": "#2"}
			}
		}
	],
	"display": {
		"thirdperson_righthand": {
			"translation": [0, 5.75, 0]
		},
		"thirdperson_lefthand": {
			"translation": [0, 6, 0]
		},
		"firstperson_righthand": {
			"translation": [0, 5.5, -0.5]
		},
		"firstperson_lefthand": {
			"translation": [0, 4.75, -1]
		},
		"ground": {
			"rotation": [-55, 0, 0],
			"translation": [0, 1.75, 0]
		},
		"gui": {
			"translation": [0, 4, 0]
		},
		"head": {
			"translation": [0, 12.75, 0]
		},
		"fixed": {
			"translation": [0, 4.5, 0]
		}
	},
	"groups": [
		{
			"name": "group",
			"origin": [8, 8, 8],
			"color": 0,
			"children": [0, 1, 2, 3, 4]
		}
	]
}